Origin_state,Destination_state,N_patients,Pct_of_cross_state,Cumulative_pct
GO,DF,241,17.8,17.8
SC,PR,174,12.9,30.7
MG,DF,86,6.4,37.1
MA,PI,52,3.8,40.9
MG,SP,49,3.6,44.5
SP,MG,48,3.5,48.0
BA,PE,48,3.5,51.5
BA,SE,22,1.6,53.1
PR,SP,19,1.4,54.5
BA,MG,19,1.4,55.9
SP,PR,18,1.3,57.2
BA,DF,17,1.3,58.5
MS,SP,14,1.0,59.5
MT,GO,13,1.0,60.5
PE,BA,12,0.9,61.4
TO,DF,12,0.9,62.3
GO,SP,12,0.9,63.2
TO,GO,10,0.7,63.9
SP,DF,10,0.7,64.6
SP,RJ,10,0.7,65.3
PB,PE,10,0.7,66.0
AL,PE,10,0.7,66.7
AM,AC,10,0.7,67.4
ES,MG,9,0.7,68.1
PR,RS,9,0.7,68.8
PR,SC,9,0.7,69.5
GO,MG,9,0.7,70.2
BA,ES,8,0.6,70.8
MT,DF,8,0.6,71.4
MA,DF,7,0.5,71.9
PR,DF,7,0.5,72.4
MG,ES,7,0.5,72.9
AC,DF,7,0.5,73.4
MG,RJ,7,0.5,73.9
SP,MS,7,0.5,74.4
AM,RO,7,0.5,74.9
RO,AC,7,0.5,75.4
SP,BA,7,0.5,75.9
RJ,MG,6,0.4,76.3
RO,PR,6,0.4,76.7
MA,PA,6,0.4,77.1
MT,MS,6,0.4,77.5
SC,RS,6,0.4,77.9
PI,DF,6,0.4,78.3
RS,SC,6,0.4,78.7
RJ,SP,6,0.4,79.1
GO,MA,5,0.4,79.5
MG,BA,5,0.4,79.9
SC,MS,5,0.4,80.3
PA,MA,5,0.4,80.7
SC,DF,4,0.3,81.0
AL,DF,4,0.3,81.3
SP,SC,4,0.3,81.6
MG,PR,4,0.3,81.9
RS,PR,4,0.3,82.2
RO,SP,4,0.3,82.5
SC,ES,3,0.2,82.7
RJ,DF,3,0.2,82.9
TO,MA,3,0.2,83.1
MS,GO,3,0.2,83.3
RJ,ES,3,0.2,83.5
SP,GO,3,0.2,83.7
PR,GO,3,0.2,83.9
RO,RJ,3,0.2,84.1
AC,RO,3,0.2,84.3
MT,SP,3,0.2,84.5
PA,AP,3,0.2,84.7
PA,DF,3,0.2,84.9
RS,SP,3,0.2,85.1
PA,GO,3,0.2,85.3
PA,TO,3,0.2,85.5
RN,DF,3,0.2,85.7
PB,CE,3,0.2,85.9
CE,PI,3,0.2,86.1
AP,PA,3,0.2,86.3
CE,PR,3,0.2,86.5
GO,TO,3,0.2,86.7
TO,SP,2,0.1,86.8
SC,MG,2,0.1,86.9
PE,MG,2,0.1,87.0
PE,PI,2,0.1,87.1
RR,DF,2,0.1,87.2
PE,SP,2,0.1,87.3
SC,SP,2,0.1,87.4
BA,GO,2,0.1,87.5
SC,PE,2,0.1,87.6
ES,BA,2,0.1,87.7
PR,MG,2,0.1,87.8
BA,PI,2,0.1,87.9
RJ,CE,2,0.1,88.0
RJ,BA,2,0.1,88.1
ES,RJ,2,0.1,88.2
DF,GO,2,0.1,88.3
DF,BA,2,0.1,88.4
RJ,PR,2,0.1,88.5
RN,CE,2,0.1,88.6
RS,MS,2,0.1,88.7
RS,MG,2,0.1,88.8
RN,SC,2,0.1,88.9
RS,DF,2,0.1,89.0
RR,SP,2,0.1,89.1
RR,PR,2,0.1,89.2
CE,MG,2,0.1,89.3
PE,CE,2,0.1,89.4
RR,AM,2,0.1,89.5
SP,PI,2,0.1,89.6
TO,PA,2,0.1,89.7
AL,SE,2,0.1,89.8
PB,RJ,2,0.1,89.9
MA,SP,2,0.1,90.0
MT,TO,2,0.1,90.1
AM,PA,2,0.1,90.2
MS,PR,2,0.1,90.3
MS,RJ,2,0.1,90.4
SP,ES,2,0.1,90.5
PB,GO,2,0.1,90.6
ES,SP,2,0.1,90.7
MG,GO,2,0.1,90.8
MS,DF,2,0.1,90.9
SP,CE,2,0.1,91.0
CE,GO,1,0.1,91.1
AL,BA,1,0.1,91.2
RS,ES,1,0.1,91.3
RS,BA,1,0.1,91.4
AL,PI,1,0.1,91.5
RS,MT,1,0.1,91.6
RS,PE,1,0.1,91.7
AL,RJ,1,0.1,91.8
RS,PI,1,0.1,91.9
TO,RJ,1,0.1,92.0
SP,RS,1,0.1,92.1
SP,AM,1,0.1,92.2
CE,ES,1,0.1,92.3
AM,PI,1,0.1,92.4
SE,PR,1,0.1,92.5
BA,CE,1,0.1,92.6
SE,DF,1,0.1,92.7
SC,TO,1,0.1,92.8
AM,RJ,1,0.1,92.9
SP,MA,1,0.1,93.0
BA,MS,1,0.1,93.1
SP,MT,1,0.1,93.2
AM,DF,1,0.1,93.3
SP,PE,1,0.1,93.4
BA,SP,1,0.1,93.5
CE,BA,1,0.1,93.6
SC,CE,1,0.1,93.7
SC,BA,1,0.1,93.8
CE,DF,1,0.1,93.9
AM,MA,1,0.1,94.0
SE,BA,1,0.1,94.1
MG,PI,1,0.1,94.2
CE,PB,1,0.1,94.3
PE,PB,1,0.1,94.4
PE,AL,1,0.1,94.5
PB,MG,1,0.1,94.6
GO,MS,1,0.1,94.7
PB,BA,1,0.1,94.8
GO,MT,1,0.1,94.9
PA,PI,1,0.1,95.0
PA,MT,1,0.1,95.1
GO,PI,1,0.1,95.2
GO,PR,1,0.1,95.3
MA,BA,1,0.1,95.4
MA,ES,1,0.1,95.5
MT,RO,1,0.1,95.6
MT,PR,1,0.1,95.7
MA,MG,1,0.1,95.8
MT,MG,1,0.1,95.9
MT,MA,1,0.1,96.0
MA,MT,1,0.1,96.1
MT,ES,1,0.1,96.2
MA,TO,1,0.1,96.3
MS,PE,1,0.1,96.4
MG,MT,1,0.1,96.5
PE,DF,1,0.1,96.6
PE,RJ,1,0.1,96.7
RO,PE,1,0.1,96.8
ES,PB,1,0.1,96.9
RO,MT,1,0.1,97.0
RO,MG,1,0.1,97.1
RO,DF,1,0.1,97.2
RN,RS,1,0.1,97.3
RN,PB,1,0.1,97.4
RN,MT,1,0.1,97.5
MG,PE,1,0.1,97.6
CE,SP,1,0.1,97.7
RJ,MA,1,0.1,97.8
DF,CE,1,0.1,97.9
DF,PI,1,0.1,98.0
DF,RJ,1,0.1,98.1
DF,RS,1,0.1,98.2
PR,RJ,1,0.1,98.3
PR,PI,1,0.1,98.4
PR,MT,1,0.1,98.5
PR,MS,1,0.1,98.6
ES,DF,1,0.1,98.7
PR,BA,1,0.1,98.8
PI,PE,1,0.1,98.9
PI,MG,1,0.1,99.0
CE,SC,1,0.1,99.1
